frame,motion_size,prior_size,total_size,size_gt,psnr,psnr_gt
1,0.0046367645263671875,0.09067249298095703,0.09530925750732422,7.6,35.24558639526367,35.54619598388672
2,0.004660606384277344,0.09112262725830078,0.09578323364257812,7.6,35.495208740234375,35.53773498535156
3,0.005009651184082031,0.09171867370605469,0.09672832489013672,7.6,35.73940658569336,35.60224914550781
4,0.005095481872558594,0.09209346771240234,0.09718894958496094,7.6,35.536014556884766,35.55396270751953
5,0.005459785461425781,0.09258842468261719,0.09804821014404297,7.6,35.44582748413086,35.6468620300293
6,0.005690574645996094,0.09322547912597656,0.09891605377197266,7.6,35.65199279785156,35.611839294433594
7,0.005944252014160156,0.09330940246582031,0.09925365447998047,7.6,35.60155487060547,35.65818405151367
8,0.006016731262207031,0.09351348876953125,0.09953022003173828,7.6,35.6636962890625,35.54009246826172
9,0.0062046051025390625,0.09403038024902344,0.1002349853515625,7.6,34.94780349731445,35.10039520263672
10,0.006270408630371094,0.09425544738769531,0.1005258560180664,7.6,35.53543472290039,35.6917610168457
11,0.006588935852050781,0.09453105926513672,0.1011199951171875,7.6,35.59734344482422,35.41179656982422
12,0.006678581237792969,0.0948801040649414,0.10155868530273438,7.6,35.521244049072266,35.56806182861328
13,0.00690460205078125,0.09499931335449219,0.10190391540527344,7.6,35.7036247253418,35.549781799316406
14,0.006993293762207031,0.09526920318603516,0.10226249694824219,7.6,35.581581115722656,35.59199905395508
15,0.007256507873535156,0.09552860260009766,0.10278511047363281,7.6,35.46549987792969,35.49090576171875
16,0.007221221923828125,0.0954904556274414,0.10271167755126953,7.6,34.90061569213867,34.9993896484375
17,0.007332801818847656,0.09575176239013672,0.10308456420898438,7.6,35.55354309082031,35.54868698120117
18,0.007315635681152344,0.09574127197265625,0.1030569076538086,7.6,35.257652282714844,35.627376556396484
19,0.007422447204589844,0.09603118896484375,0.1034536361694336,7.6,35.46495819091797,35.55868911743164
21,0.0033445358276367188,0.0896139144897461,0.09295845031738281,7.6,34.781211853027344,34.94281005859375
22,0.003742218017578125,0.09123611450195312,0.09497833251953125,7.6,35.335205078125,35.45282745361328
23,0.004441261291503906,0.091888427734375,0.0963296890258789,7.6,35.299400329589844,35.306087493896484
24,0.0043487548828125,0.092315673828125,0.0966644287109375,7.6,35.128475189208984,35.13737869262695
25,0.004584312438964844,0.09257125854492188,0.09715557098388672,7.6,35.31235885620117,35.500755310058594
26,0.00469207763671875,0.09295654296875,0.09764862060546875,7.6,35.52064514160156,35.48027038574219
27,0.005031585693359375,0.09313011169433594,0.09816169738769531,7.6,34.67488098144531,34.54157638549805
28,0.0051441192626953125,0.09371280670166016,0.09885692596435547,7.6,35.42437744140625,35.25322723388672
29,0.00537109375,0.09414482116699219,0.09951591491699219,7.6,35.35759735107422,35.38572692871094
30,0.005738258361816406,0.09467124938964844,0.10040950775146484,7.6,35.42341232299805,35.21318817138672
31,0.0061588287353515625,0.0950927734375,0.10125160217285156,7.6,35.48577880859375,35.375038146972656
32,0.006564140319824219,0.09548377990722656,0.10204792022705078,7.6,35.39202117919922,34.970550537109375
33,0.006861686706542969,0.09587574005126953,0.1027374267578125,7.6,35.248836517333984,35.295013427734375
34,0.007198333740234375,0.09654426574707031,0.10374259948730469,7.6,35.3681526184082,35.28059768676758
35,0.0075283050537109375,0.09674739837646484,0.10427570343017578,7.6,35.14692687988281,35.1163444519043
36,0.0077495574951171875,0.09704303741455078,0.10479259490966797,7.6,35.18999481201172,35.333412170410156
37,0.008179664611816406,0.09772491455078125,0.10590457916259766,7.6,35.14666748046875,35.3686637878418
38,0.008612632751464844,0.0983572006225586,0.10696983337402344,7.6,34.700138092041016,34.883480072021484
39,0.008958816528320312,0.0986175537109375,0.10757637023925781,7.6,35.10148620605469,35.192726135253906
41,0.0036439895629882812,0.09084033966064453,0.09448432922363281,7.6,35.56487274169922,35.4228630065918
42,0.0040130615234375,0.0916585922241211,0.0956716537475586,7.6,35.025482177734375,35.217105865478516
43,0.004157066345214844,0.09189414978027344,0.09605121612548828,7.6,34.81919479370117,35.32500457763672
44,0.004548072814941406,0.09280014038085938,0.09734821319580078,7.6,35.24939727783203,35.479610443115234
45,0.004733085632324219,0.09283924102783203,0.09757232666015625,7.6,35.23554229736328,35.29590606689453
46,0.004958152770996094,0.09314823150634766,0.09810638427734375,7.6,35.04844665527344,34.983375549316406
47,0.005382537841796875,0.0944528579711914,0.09983539581298828,7.6,34.89031219482422,35.130958557128906
48,0.005476951599121094,0.0945138931274414,0.0999908447265625,7.6,34.80449295043945,35.3271598815918
49,0.005755424499511719,0.09472370147705078,0.1004791259765625,7.6,34.757843017578125,35.02473449707031
50,0.005938529968261719,0.09500789642333984,0.10094642639160156,7.6,34.33110046386719,34.454158782958984
51,0.00606536865234375,0.09499073028564453,0.10105609893798828,7.6,34.633052825927734,34.9364013671875
52,0.006134033203125,0.09569072723388672,0.10182476043701172,7.6,34.49583053588867,34.66697311401367
53,0.006239891052246094,0.09559822082519531,0.1018381118774414,7.6,34.56745147705078,34.80619430541992
54,0.006196022033691406,0.0960073471069336,0.102203369140625,7.6,34.621665954589844,34.939815521240234
55,0.006234169006347656,0.09547901153564453,0.10171318054199219,7.6,34.846519470214844,35.000091552734375
56,0.006224632263183594,0.09599018096923828,0.10221481323242188,7.6,34.84867477416992,35.1341438293457
57,0.0061626434326171875,0.0952310562133789,0.1013936996459961,7.6,35.126888275146484,35.337890625
58,0.006275177001953125,0.09597396850585938,0.1022491455078125,7.6,35.1296272277832,35.459754943847656
59,0.0061492919921875,0.09535980224609375,0.10150909423828125,7.6,34.52833938598633,35.05499267578125
61,0.0034418106079101562,0.08977031707763672,0.09321212768554688,7.6,34.39315414428711,35.2097282409668
62,0.0038557052612304688,0.091278076171875,0.09513378143310547,7.6,33.64959716796875,34.74049377441406
63,0.004708290100097656,0.09246063232421875,0.0971689224243164,7.6,34.11896514892578,34.574066162109375
64,0.0049152374267578125,0.09326839447021484,0.09818363189697266,7.6,34.205055236816406,34.599281311035156
65,0.0055255889892578125,0.09417915344238281,0.09970474243164062,7.6,33.788360595703125,34.53175354003906
66,0.005745887756347656,0.09461498260498047,0.10036087036132812,7.6,33.78068161010742,34.565677642822266
67,0.006114006042480469,0.0948038101196289,0.10091781616210938,7.6,34.18880844116211,34.877296447753906
68,0.006554603576660156,0.09579277038574219,0.10234737396240234,7.6,33.84981918334961,34.69038391113281
69,0.006974220275878906,0.09624862670898438,0.10322284698486328,7.6,34.09381866455078,34.538169860839844
70,0.007229804992675781,0.09646224975585938,0.10369205474853516,7.6,34.239097595214844,34.72875213623047
71,0.007404327392578125,0.09661674499511719,0.10402107238769531,7.6,34.033782958984375,34.380126953125
72,0.007409095764160156,0.09656524658203125,0.1039743423461914,7.6,34.77391815185547,35.06104278564453
73,0.007525444030761719,0.09677600860595703,0.10430145263671875,7.6,34.720458984375,34.88243103027344
74,0.0075817108154296875,0.09719467163085938,0.10477638244628906,7.6,34.616573333740234,34.868228912353516
75,0.007782936096191406,0.09712028503417969,0.1049032211303711,7.6,34.798118591308594,34.860382080078125
76,0.007775306701660156,0.09714984893798828,0.10492515563964844,7.6,34.49903106689453,34.7414665222168
77,0.007970809936523438,0.09722232818603516,0.1051931381225586,7.6,34.6921501159668,34.734100341796875
78,0.008301734924316406,0.09808349609375,0.1063852310180664,7.6,34.595272064208984,34.81875228881836
79,0.008382797241210938,0.09804916381835938,0.10643196105957031,7.6,33.847137451171875,34.502288818359375
81,0.004443168640136719,0.09248161315917969,0.0969247817993164,7.6,33.812835693359375,33.79608154296875
82,0.0047092437744140625,0.09345149993896484,0.0981607437133789,7.6,33.53709411621094,33.587669372558594
83,0.0051288604736328125,0.09407806396484375,0.09920692443847656,7.6,33.72827911376953,33.64064025878906
84,0.00548553466796875,0.09470748901367188,0.10019302368164062,7.6,33.718353271484375,33.81847381591797
85,0.005780220031738281,0.09510231018066406,0.10088253021240234,7.6,33.60981369018555,33.75725555419922
86,0.0063533782958984375,0.09616756439208984,0.10252094268798828,7.6,33.73876190185547,33.72270965576172
87,0.006378173828125,0.09601497650146484,0.10239315032958984,7.6,34.188720703125,33.91584014892578
88,0.00661468505859375,0.09606361389160156,0.10267829895019531,7.6,33.54102325439453,33.577232360839844
89,0.006783485412597656,0.09657859802246094,0.1033620834350586,7.6,33.7269287109375,33.13425064086914
90,0.0070018768310546875,0.09670639038085938,0.10370826721191406,7.6,34.087562561035156,33.774322509765625
91,0.007151603698730469,0.09680843353271484,0.10396003723144531,7.6,33.305084228515625,33.420501708984375
92,0.007386207580566406,0.09742259979248047,0.10480880737304688,7.6,33.796714782714844,33.66505432128906
93,0.007445335388183594,0.09751033782958984,0.10495567321777344,7.6,33.874027252197266,33.88304138183594
94,0.007546424865722656,0.09763145446777344,0.1051778793334961,7.6,33.846553802490234,33.83655548095703
95,0.007765769958496094,0.0980825424194336,0.10584831237792969,7.6,34.02762222290039,34.00208282470703
96,0.0081634521484375,0.09797000885009766,0.10613346099853516,7.6,34.26902770996094,34.211219787597656
97,0.008318901062011719,0.09885025024414062,0.10716915130615234,7.6,34.742919921875,34.91543197631836
98,0.008584022521972656,0.09849834442138672,0.10708236694335938,7.6,34.658973693847656,34.73455047607422
99,0.008540153503417969,0.09870433807373047,0.10724449157714844,7.6,34.620155334472656,34.99219512939453
101,0.0039768218994140625,0.09157848358154297,0.09555530548095703,7.6,34.72339630126953,34.589637756347656
102,0.004313468933105469,0.09208965301513672,0.09640312194824219,7.6,35.14326095581055,35.158653259277344
103,0.0046539306640625,0.09289073944091797,0.09754467010498047,7.6,35.044349670410156,34.98310089111328
104,0.005156517028808594,0.09364032745361328,0.09879684448242188,7.6,34.861427307128906,34.834495544433594
105,0.005366325378417969,0.09376335144042969,0.09912967681884766,7.6,34.957313537597656,34.968780517578125
106,0.00568389892578125,0.09405708312988281,0.09974098205566406,7.6,34.88294219970703,34.866329193115234
107,0.0057582855224609375,0.09431934356689453,0.10007762908935547,7.6,34.95069885253906,35.1162223815918
108,0.005875587463378906,0.09442996978759766,0.10030555725097656,7.6,34.78845977783203,34.861656188964844
109,0.005925178527832031,0.09489822387695312,0.10082340240478516,7.6,35.022361755371094,35.00313949584961
110,0.0060329437255859375,0.095123291015625,0.10115623474121094,7.6,35.11907196044922,35.088340759277344
111,0.0061168670654296875,0.095123291015625,0.10124015808105469,7.6,34.93709945678711,35.07151794433594
112,0.006186485290527344,0.09537887573242188,0.10156536102294922,7.6,35.375179290771484,35.038944244384766
113,0.00637054443359375,0.09580230712890625,0.1021728515625,7.6,35.007179260253906,35.397621154785156
114,0.006561279296875,0.0960702896118164,0.1026315689086914,7.6,35.223243713378906,35.18816375732422
115,0.006783485412597656,0.09625816345214844,0.1030416488647461,7.6,35.04210662841797,34.89783477783203
116,0.006794929504394531,0.09651756286621094,0.10331249237060547,7.6,34.92333984375,34.94518280029297
117,0.006821632385253906,0.09661388397216797,0.10343551635742188,7.6,35.107261657714844,35.20794677734375
118,0.0070095062255859375,0.09677982330322266,0.1037893295288086,7.6,34.890655517578125,35.05792236328125
119,0.0069828033447265625,0.09671592712402344,0.10369873046875,7.6,34.59051513671875,34.96290588378906
121,0.0037565231323242188,0.09087562561035156,0.09463214874267578,7.6,34.82909393310547,34.89656066894531
122,0.0039052963256835938,0.09128284454345703,0.09518814086914062,7.6,34.86517333984375,34.819087982177734
123,0.0040950775146484375,0.09209251403808594,0.09618759155273438,7.6,34.19390106201172,34.16195297241211
124,0.004405975341796875,0.0924673080444336,0.09687328338623047,7.6,33.8414192199707,33.972808837890625
125,0.00434112548828125,0.0921163558959961,0.09645748138427734,7.6,33.86363220214844,33.85872268676758
126,0.004630088806152344,0.09270000457763672,0.09733009338378906,7.6,33.32586669921875,33.200862884521484
127,0.005097389221191406,0.09343147277832031,0.09852886199951172,7.6,33.11957931518555,33.063209533691406
128,0.005700111389160156,0.0943136215209961,0.10001373291015625,7.6,33.05703353881836,33.125022888183594
129,0.006270408630371094,0.09500503540039062,0.10127544403076172,7.6,33.29821014404297,33.41095733642578
130,0.006850242614746094,0.09573173522949219,0.10258197784423828,7.6,33.473594665527344,33.45112228393555
131,0.007033348083496094,0.09602928161621094,0.10306262969970703,7.6,33.933868408203125,33.9991455078125
132,0.0075588226318359375,0.0964822769165039,0.10404109954833984,7.6,33.58006286621094,33.64923095703125
133,0.0077037811279296875,0.09702110290527344,0.10472488403320312,7.6,33.58540725708008,34.14631652832031
134,0.007994651794433594,0.09738349914550781,0.1053781509399414,7.6,33.370052337646484,33.58149719238281
135,0.008154869079589844,0.09763813018798828,0.10579299926757812,7.6,33.33123779296875,33.6671142578125
136,0.008236885070800781,0.09788703918457031,0.1061239242553711,7.6,33.931583404541016,34.21189880371094
137,0.008400917053222656,0.097900390625,0.10630130767822266,7.6,34.11363983154297,34.33794403076172
138,0.008481979370117188,0.09834766387939453,0.10682964324951172,7.6,33.4405517578125,33.77098846435547
139,0.008571624755859375,0.09815216064453125,0.10672378540039062,7.6,33.79124069213867,33.70176696777344
141,0.005368232727050781,0.0946207046508789,0.09998893737792969,7.6,33.49823760986328,32.98723602294922
142,0.0051326751708984375,0.09405136108398438,0.09918403625488281,7.6,32.980003356933594,32.99590301513672
143,0.005214691162109375,0.09433650970458984,0.09955120086669922,7.6,33.23016357421875,32.871116638183594
144,0.005352973937988281,0.09433937072753906,0.09969234466552734,7.6,33.23334884643555,33.066314697265625
145,0.0055694580078125,0.09470081329345703,0.10027027130126953,7.6,32.803524017333984,32.8341178894043
146,0.005883216857910156,0.09521102905273438,0.10109424591064453,7.6,33.10189437866211,32.91862487792969
147,0.006317138671875,0.095458984375,0.101776123046875,7.6,33.22969055175781,33.27692413330078
148,0.0063838958740234375,0.09585094451904297,0.1022348403930664,7.6,33.47564697265625,33.568321228027344
149,0.0066280364990234375,0.0963582992553711,0.10298633575439453,7.6,33.90431213378906,33.99137878417969
150,0.007022857666015625,0.09661388397216797,0.1036367416381836,7.6,34.14045715332031,34.17256164550781
151,0.0072116851806640625,0.09687995910644531,0.10409164428710938,7.6,34.45484161376953,34.329917907714844
152,0.007153511047363281,0.09708595275878906,0.10423946380615234,7.6,34.56489562988281,34.58112335205078
153,0.007193565368652344,0.0972146987915039,0.10440826416015625,7.6,34.534969329833984,34.574039459228516
154,0.007205009460449219,0.09739303588867188,0.1045980453491211,7.6,34.57317352294922,34.47315216064453
155,0.007198333740234375,0.09745121002197266,0.10464954376220703,7.6,34.52199935913086,34.448612213134766
156,0.0072498321533203125,0.0976858139038086,0.1049356460571289,7.6,34.70622253417969,34.63712692260742
157,0.007512092590332031,0.09757804870605469,0.10509014129638672,7.6,34.47462463378906,34.3901481628418
158,0.0076274871826171875,0.09802532196044922,0.1056528091430664,7.6,34.1667594909668,34.1256103515625
159,0.007966041564941406,0.09860992431640625,0.10657596588134766,7.6,34.27622985839844,34.34758377075195
161,0.0036745071411132812,0.09062767028808594,0.09430217742919922,7.6,34.04280471801758,33.939598083496094
162,0.0041484832763671875,0.0919179916381836,0.09606647491455078,7.6,33.81065368652344,33.71267318725586
163,0.004395484924316406,0.09251785278320312,0.09691333770751953,7.6,33.66835021972656,33.80781173706055
164,0.004528999328613281,0.0929250717163086,0.09745407104492188,7.6,33.144962310791016,33.13134765625
165,0.004710197448730469,0.09299373626708984,0.09770393371582031,7.6,32.19562530517578,32.22572326660156
166,0.004925727844238281,0.09363269805908203,0.09855842590332031,7.6,30.760784149169922,30.932111740112305
167,0.005016326904296875,0.09383487701416016,0.09885120391845703,7.6,30.585445404052734,30.777729034423828
168,0.0052051544189453125,0.09424209594726562,0.09944725036621094,7.6,30.352216720581055,30.64228630065918
169,0.0053615570068359375,0.0945730209350586,0.09993457794189453,7.6,29.30316162109375,29.66072654724121
170,0.005595207214355469,0.0950307846069336,0.10062599182128906,7.6,29.16665267944336,29.405759811401367
171,0.005927085876464844,0.09537696838378906,0.1013040542602539,7.6,30.105499267578125,30.347152709960938
172,0.0064907073974609375,0.09623527526855469,0.10272598266601562,7.6,29.837242126464844,30.0755615234375
173,0.007327079772949219,0.09749698638916016,0.10482406616210938,7.6,31.224533081054688,31.29601287841797
174,0.007889747619628906,0.09783077239990234,0.10572052001953125,7.6,32.23720932006836,32.25843048095703
175,0.008608818054199219,0.09885025024414062,0.10745906829833984,7.6,32.41986846923828,33.11407470703125
176,0.009112358093261719,0.09972381591796875,0.10883617401123047,7.6,32.661521911621094,33.047889709472656
177,0.009562492370605469,0.10007190704345703,0.1096343994140625,7.6,32.19648361206055,32.405433654785156
178,0.009596824645996094,0.10045528411865234,0.11005210876464844,7.6,32.12286376953125,32.64674377441406
179,0.010156631469726562,0.10106372833251953,0.1112203598022461,7.6,31.967573165893555,32.75166320800781
181,0.004061698913574219,0.09141063690185547,0.09547233581542969,7.6,31.596420288085938,32.06223678588867
182,0.0041522979736328125,0.09173965454101562,0.09589195251464844,7.6,31.791296005249023,31.76666831970215
183,0.005150794982910156,0.09398269653320312,0.09913349151611328,7.6,31.835865020751953,32.06800079345703
184,0.005950927734375,0.09485149383544922,0.10080242156982422,7.6,31.621475219726562,31.740325927734375
185,0.0065898895263671875,0.09597110748291016,0.10256099700927734,7.6,31.400609970092773,31.682188034057617
186,0.006988525390625,0.09620285034179688,0.10319137573242188,7.6,31.449277877807617,31.693349838256836
187,0.00756072998046875,0.09713363647460938,0.10469436645507812,7.6,31.08485984802246,31.613628387451172
188,0.007900238037109375,0.09766674041748047,0.10556697845458984,7.6,31.270580291748047,31.70964813232422
189,0.008144378662109375,0.0984182357788086,0.10656261444091797,7.6,31.416316986083984,32.03082275390625
190,0.008172035217285156,0.0985269546508789,0.10669898986816406,7.6,31.56466293334961,31.645709991455078
191,0.00858306884765625,0.09866142272949219,0.10724449157714844,7.6,30.837356567382812,30.879364013671875
192,0.008528709411621094,0.09894943237304688,0.10747814178466797,7.6,31.091344833374023,31.14923095703125
193,0.008597373962402344,0.09915828704833984,0.10775566101074219,7.6,31.242061614990234,31.26557731628418
194,0.008871078491210938,0.09956741333007812,0.10843849182128906,7.6,31.50893211364746,31.470266342163086
195,0.008933067321777344,0.09982585906982422,0.10875892639160156,7.6,31.477460861206055,31.415008544921875
196,0.009039878845214844,0.10031318664550781,0.10935306549072266,7.6,32.24797058105469,32.24385070800781
197,0.009465217590332031,0.10085391998291016,0.11031913757324219,7.6,32.00121307373047,31.8779354095459
198,0.009177207946777344,0.10021495819091797,0.10939216613769531,7.6,32.595279693603516,32.447906494140625
199,0.009783744812011719,0.10122299194335938,0.1110067367553711,7.6,33.353660583496094,33.344547271728516
201,0.0035028457641601562,0.09016132354736328,0.09366416931152344,7.6,33.618934631347656,33.33643341064453
202,0.004134178161621094,0.0918741226196289,0.09600830078125,7.6,33.48444747924805,33.54834747314453
203,0.004235267639160156,0.09202098846435547,0.09625625610351562,7.6,33.619384765625,33.337371826171875
204,0.004681587219238281,0.09279727935791016,0.09747886657714844,7.6,33.975582122802734,33.77690887451172
205,0.004841804504394531,0.09335517883300781,0.09819698333740234,7.6,33.9204216003418,33.89402389526367
206,0.005215644836425781,0.09400463104248047,0.09922027587890625,7.6,34.19949722290039,34.042335510253906
207,0.005530357360839844,0.09460830688476562,0.10013866424560547,7.6,34.17961883544922,33.96089172363281
208,0.0058040618896484375,0.09505367279052734,0.10085773468017578,7.6,33.883827209472656,33.599422454833984
209,0.005992889404296875,0.095184326171875,0.10117721557617188,7.6,33.83552551269531,33.58168411254883
210,0.006256103515625,0.0955057144165039,0.1017618179321289,7.6,33.830078125,33.599205017089844
211,0.006373405456542969,0.0957498550415039,0.10212326049804688,7.6,33.819637298583984,33.90163803100586
212,0.006711006164550781,0.0961751937866211,0.10288619995117188,7.6,33.498409271240234,33.32720184326172
213,0.007049560546875,0.09678459167480469,0.10383415222167969,7.6,33.667320251464844,33.787147521972656
214,0.00705718994140625,0.09662342071533203,0.10368061065673828,7.6,33.95681381225586,33.808837890625
215,0.0073184967041015625,0.09723186492919922,0.10455036163330078,7.6,33.76215362548828,33.91559600830078
216,0.0074901580810546875,0.09759902954101562,0.10508918762207031,7.6,33.6024169921875,33.85760498046875
217,0.0077724456787109375,0.0977783203125,0.10555076599121094,7.6,33.673606872558594,33.83039093017578
218,0.0079498291015625,0.09815692901611328,0.10610675811767578,7.6,33.94451141357422,33.72461700439453
219,0.007874488830566406,0.09826374053955078,0.10613822937011719,7.6,33.91920471191406,33.885841369628906
221,0.003951072692871094,0.09110736846923828,0.09505844116210938,7.6,34.20661926269531,34.00380325317383
222,0.00426483154296875,0.09216880798339844,0.09643363952636719,7.6,34.338924407958984,34.09520721435547
223,0.0045566558837890625,0.09239673614501953,0.0969533920288086,7.6,34.30194091796875,34.032466888427734
224,0.004523277282714844,0.09272289276123047,0.09724617004394531,7.6,34.06903076171875,33.898712158203125
225,0.005122184753417969,0.09404563903808594,0.0991678237915039,7.6,33.992462158203125,33.68891143798828
226,0.005474090576171875,0.09424114227294922,0.0997152328491211,7.6,33.887184143066406,33.693321228027344
227,0.005787849426269531,0.0947408676147461,0.10052871704101562,7.6,33.38774871826172,33.243896484375
228,0.005977630615234375,0.09506416320800781,0.10104179382324219,7.6,33.247432708740234,33.35810470581055
229,0.006160736083984375,0.09526348114013672,0.1014242172241211,7.6,33.370819091796875,33.24159240722656
230,0.006610870361328125,0.09585380554199219,0.10246467590332031,7.6,33.47514343261719,33.356407165527344
231,0.006809234619140625,0.09624767303466797,0.1030569076538086,7.6,33.01703643798828,32.989112854003906
232,0.007039070129394531,0.09652137756347656,0.1035604476928711,7.6,32.25678634643555,32.31573486328125
233,0.00711822509765625,0.09683609008789062,0.10395431518554688,7.6,32.59956359863281,32.57509994506836
234,0.007279396057128906,0.09709739685058594,0.10437679290771484,7.6,32.57958221435547,32.560970306396484
235,0.007327079772949219,0.09745597839355469,0.1047830581665039,7.6,32.418479919433594,32.463661193847656
236,0.007472038269042969,0.09739208221435547,0.10486412048339844,7.6,31.99249267578125,32.178466796875
237,0.007519721984863281,0.09765625,0.10517597198486328,7.6,31.817405700683594,31.731369018554688
238,0.007874488830566406,0.09832477569580078,0.10619926452636719,7.6,31.859966278076172,31.881118774414062
239,0.007718086242675781,0.09807682037353516,0.10579490661621094,7.6,32.173641204833984,32.1658935546875
241,0.003987312316894531,0.0914297103881836,0.09541702270507812,7.6,31.960742950439453,31.870471954345703
242,0.004119873046875,0.09208869934082031,0.09620857238769531,7.6,31.88843536376953,31.612274169921875
243,0.004372596740722656,0.09313678741455078,0.09750938415527344,7.6,31.490676879882812,31.44362449645996
244,0.004372596740722656,0.09274482727050781,0.09711742401123047,7.6,31.18829345703125,31.062877655029297
245,0.004597663879394531,0.09311962127685547,0.09771728515625,7.6,30.86977767944336,30.68355369567871
246,0.00457000732421875,0.09325599670410156,0.09782600402832031,7.6,31.273422241210938,31.123458862304688
247,0.004710197448730469,0.093658447265625,0.09836864471435547,7.6,31.563304901123047,31.42986297607422
248,0.0048503875732421875,0.09401416778564453,0.09886455535888672,7.6,31.3250789642334,31.1584529876709
249,0.004974365234375,0.0941314697265625,0.0991058349609375,7.6,31.613296508789062,31.477371215820312
250,0.004947662353515625,0.09406185150146484,0.09900951385498047,7.6,30.58233642578125,30.410659790039062
251,0.0051822662353515625,0.09447574615478516,0.09965801239013672,7.6,31.33906364440918,31.292980194091797
252,0.005364418029785156,0.09501361846923828,0.10037803649902344,7.6,30.227964401245117,30.243770599365234
253,0.005381584167480469,0.09540843963623047,0.10079002380371094,7.6,30.17284393310547,30.194936752319336
254,0.0056972503662109375,0.09568023681640625,0.10137748718261719,7.6,31.131872177124023,31.037155151367188
255,0.005902290344238281,0.09586811065673828,0.10177040100097656,7.6,30.840253829956055,30.758459091186523
256,0.0060405731201171875,0.09627246856689453,0.10231304168701172,7.6,30.816564559936523,30.68707847595215
257,0.006270408630371094,0.09641647338867188,0.10268688201904297,7.6,30.742528915405273,30.62606430053711
258,0.006331443786621094,0.0966501235961914,0.1029815673828125,7.6,32.04179763793945,31.905622482299805
259,0.006415367126464844,0.09675979614257812,0.10317516326904297,7.6,31.71888542175293,31.700679779052734
261,0.004108428955078125,0.09104156494140625,0.09514999389648438,7.6,32.34711456298828,32.16680145263672
262,0.004059791564941406,0.09157562255859375,0.09563541412353516,7.6,32.387359619140625,32.202449798583984
263,0.004263877868652344,0.09216022491455078,0.09642410278320312,7.6,32.971900939941406,32.74175262451172
264,0.0045680999755859375,0.09291744232177734,0.09748554229736328,7.6,33.1978874206543,33.10626220703125
265,0.004817008972167969,0.09361457824707031,0.09843158721923828,7.6,32.609031677246094,32.721702575683594
266,0.005068778991699219,0.09401416778564453,0.09908294677734375,7.6,32.97890090942383,32.90179443359375
267,0.005234718322753906,0.09411907196044922,0.09935379028320312,7.6,32.15303039550781,32.05577087402344
268,0.005268096923828125,0.09414863586425781,0.09941673278808594,7.6,33.088497161865234,32.72724533081055
269,0.005587577819824219,0.09466266632080078,0.100250244140625,7.6,32.79712677001953,32.77313995361328
270,0.005401611328125,0.0945444107055664,0.0999460220336914,7.6,31.432165145874023,31.70766258239746
271,0.0052337646484375,0.09421730041503906,0.09945106506347656,7.6,31.37720489501953,31.74062728881836
272,0.0053920745849609375,0.0944375991821289,0.09982967376708984,7.6,32.279632568359375,32.46180725097656
273,0.005417823791503906,0.09474849700927734,0.10016632080078125,7.6,33.5008544921875,33.9498405456543
274,0.005606651306152344,0.09504127502441406,0.1006479263305664,7.6,33.644569396972656,34.06414031982422
275,0.005539894104003906,0.09497547149658203,0.10051536560058594,7.6,33.060699462890625,33.345237731933594
276,0.0056400299072265625,0.09519290924072266,0.10083293914794922,7.6,32.90290069580078,33.038475036621094
277,0.005661964416503906,0.09539508819580078,0.10105705261230469,7.6,33.88597106933594,34.37537384033203
278,0.006015777587890625,0.09556388854980469,0.10157966613769531,7.6,33.89620590209961,34.039703369140625
279,0.006197929382324219,0.09614086151123047,0.10233879089355469,7.6,34.1975212097168,34.2339973449707
281,0.0036220550537109375,0.09017753601074219,0.09379959106445312,7.6,33.467018127441406,33.37018585205078
282,0.0045623779296875,0.09247875213623047,0.09704113006591797,7.6,33.54879379272461,33.47804260253906
283,0.0048236846923828125,0.09283733367919922,0.09766101837158203,7.6,33.685508728027344,33.88269805908203
284,0.0054683685302734375,0.0939321517944336,0.09940052032470703,7.6,33.22787094116211,33.395118713378906
285,0.005692481994628906,0.0944070816040039,0.10009956359863281,7.6,33.05162048339844,33.361419677734375
286,0.006114006042480469,0.09459209442138672,0.10070610046386719,7.6,32.60596466064453,32.88977813720703
287,0.006343841552734375,0.09523200988769531,0.10157585144042969,7.6,32.566383361816406,32.75971984863281
288,0.006484031677246094,0.0955953598022461,0.10207939147949219,7.6,32.348873138427734,32.72312927246094
289,0.006438255310058594,0.09567928314208984,0.10211753845214844,7.6,32.731849670410156,33.09600830078125
290,0.0061626434326171875,0.09555912017822266,0.10172176361083984,7.6,33.00806427001953,33.43480682373047
291,0.006222724914550781,0.09535026550292969,0.10157299041748047,7.6,32.85054016113281,33.394527435302734
292,0.00630950927734375,0.09575653076171875,0.1020660400390625,7.6,33.24876403808594,33.69683074951172
293,0.0065135955810546875,0.09592914581298828,0.10244274139404297,7.6,33.30408477783203,33.63985824584961
294,0.0066375732421875,0.09606742858886719,0.10270500183105469,7.6,33.32963180541992,33.66815185546875
295,0.007015228271484375,0.09639549255371094,0.10341072082519531,7.6,33.61728286743164,33.80896759033203
296,0.00710296630859375,0.09674453735351562,0.10384750366210938,7.6,33.279930114746094,33.722389221191406
297,0.007079124450683594,0.09693527221679688,0.10401439666748047,7.6,33.64366912841797,34.00643539428711
298,0.007167816162109375,0.09709644317626953,0.1042642593383789,7.6,33.96335983276367,34.22687911987305
299,0.00704193115234375,0.09662437438964844,0.10366630554199219,7.6,33.771751403808594,33.86011505126953
